City_ID,City,Country,Date,Lat,Lng,Max Temp,Humidity,Cloudiness,Wind Speed,Current Description
0,Labuhan,ID,2022-07-23 18:39:49,-6.8844,112.2051,75.9,85,94,5.79,overcast clouds
1,Muravlenko,RU,2022-07-23 18:35:16,63.7898,74.523,50.54,95,100,21.74,moderate rain
2,Grand-Santi,GF,2022-07-23 18:39:49,4.25,-54.3833,83.73,78,100,2.35,overcast clouds
3,Quatre Cocos,MU,2022-07-23 18:39:49,-20.2078,57.7625,69.91,75,40,17.07,light rain
4,Avarua,CK,2022-07-23 18:38:27,-21.2078,-159.775,73.45,68,75,9.22,broken clouds
5,Dikson,RU,2022-07-23 18:39:50,73.5069,80.5464,51.62,74,48,10.83,scattered clouds
6,Geraldton,AU,2022-07-23 18:39:50,-28.7667,114.6,57.61,67,100,18.41,overcast clouds
7,East London,ZA,2022-07-23 18:39:51,-33.0153,27.9116,57.7,78,100,21.77,light rain
8,Cidreira,BR,2022-07-23 18:39:51,-30.1811,-50.2056,64.44,94,30,10.51,scattered clouds
9,Talnakh,RU,2022-07-23 18:39:51,69.4865,88.3972,69.21,68,100,6.15,overcast clouds
10,Hithadhoo,MV,2022-07-23 18:39:52,-0.6,73.0833,81.1,75,100,7.43,overcast clouds
11,Ler,SS,2022-07-23 18:39:52,8.3018,30.1418,74.3,85,99,3.51,overcast clouds
12,Hilo,US,2022-07-23 18:39:52,19.7297,-155.09,83.28,96,100,5.75,light rain
13,Lebu,CL,2022-07-23 18:39:53,-37.6167,-73.65,53.67,90,100,5.21,overcast clouds
14,Atuona,PF,2022-07-23 18:39:53,-9.8,-139.0333,76.78,80,46,18.63,light rain
15,Half Moon Bay,US,2022-07-23 18:39:53,37.4636,-122.4286,62.13,71,42,8.23,scattered clouds
16,Mount Gambier,AU,2022-07-23 18:39:54,-37.8333,140.7667,49.91,100,100,11.5,mist
17,Mataura,NZ,2022-07-23 18:39:54,-46.1927,168.8643,32.25,89,100,2.37,overcast clouds
18,Aldan,RU,2022-07-23 18:39:54,58.6031,125.3894,66.18,72,86,5.37,overcast clouds
19,Aktau,KZ,2022-07-23 18:39:55,43.65,51.2,75.78,65,83,13.65,light rain
20,Puerto Ayora,EC,2022-07-23 18:39:55,-0.7393,-90.3518,78.76,86,94,5.01,overcast clouds
21,Pevek,RU,2022-07-23 18:39:55,69.7008,170.3133,35.42,85,100,1.66,overcast clouds
22,Kurumkan,RU,2022-07-23 18:39:56,54.3,110.3,61.47,93,100,2.71,moderate rain
23,Coihaique,CL,2022-07-23 18:39:56,-45.5752,-72.0662,33.21,89,99,3.33,overcast clouds
24,Albany,US,2022-07-23 18:38:53,42.6001,-73.9662,96.42,38,7,8.84,clear sky
25,Victoria,HK,2022-07-23 18:36:00,22.2855,114.1577,85.73,76,58,11.48,broken clouds
26,Wawa,NG,2022-07-23 18:39:57,9.9022,4.4192,73.31,95,100,5.86,moderate rain
27,Kapaa,US,2022-07-23 18:39:57,22.0752,-159.319,80.58,74,40,12.66,scattered clouds
28,Junagarh,IN,2022-07-23 18:39:57,19.8667,82.9333,76.6,91,100,4.83,overcast clouds
29,Busselton,AU,2022-07-23 18:39:58,-33.65,115.3333,51.15,65,69,13.98,broken clouds
30,Zelenoborsk,RU,2022-07-23 18:39:58,61.4669,64.0333,52.25,63,60,3.8,broken clouds
31,Hofn,IS,2022-07-23 18:39:59,64.2539,-15.2082,53.2,81,89,2.48,overcast clouds
32,Omis,HR,2022-07-23 18:39:59,43.4447,16.6886,81.3,39,0,1.99,clear sky
33,Rikitea,PF,2022-07-23 18:39:59,-23.1203,-134.9692,72.07,69,0,7.76,clear sky
34,Hobyo,SO,2022-07-23 18:40:00,5.3505,48.5268,76.59,83,26,28.34,scattered clouds
35,Huarmey,PE,2022-07-23 18:40:00,-10.0681,-78.1522,66.45,76,33,9.44,scattered clouds
36,Soyo,AO,2022-07-23 18:40:00,-6.1349,12.3689,70.63,88,100,8.3,overcast clouds
37,Pacific Grove,US,2022-07-23 18:40:01,36.6177,-121.9166,64.35,87,75,11.99,broken clouds
38,Grindavik,IS,2022-07-23 18:40:01,63.8424,-22.4338,55.35,82,75,13.8,broken clouds
39,Nemuro,JP,2022-07-23 18:40:01,43.3236,145.575,59.94,96,99,12.15,overcast clouds
40,Ushuaia,AR,2022-07-23 18:40:02,-54.8,-68.3,37.06,75,75,12.66,broken clouds
41,Mahebourg,MU,2022-07-23 18:40:02,-20.4081,57.7,70.5,74,49,17.58,light rain
42,Ukiah,US,2022-07-23 18:40:02,39.1502,-123.2078,97.23,12,0,4.18,clear sky
43,Samfya,ZM,2022-07-23 18:40:03,-11.3649,29.5565,67.73,49,65,12.68,broken clouds
44,Sitka,US,2022-07-23 18:40:03,57.0531,-135.33,55.29,88,100,3.44,mist
45,Iqaluit,CA,2022-07-23 18:40:04,63.7506,-68.5145,46.13,93,75,6.91,broken clouds
46,Kahului,US,2022-07-23 18:37:12,20.8947,-156.47,80.62,70,40,12.66,scattered clouds
47,San Jose,US,2022-07-23 18:39:56,37.3394,-121.895,83.86,40,20,5.75,few clouds
48,Terra Santa,BR,2022-07-23 18:40:04,-2.1042,-56.4869,87.44,57,100,1.72,overcast clouds
49,Hermanus,ZA,2022-07-23 18:41:05,-34.4187,19.2345,48.79,69,9,5.61,clear sky
50,Georgetown,MY,2022-07-23 18:36:25,5.4112,100.3354,80.53,94,40,5.75,scattered clouds
51,Bredasdorp,ZA,2022-07-23 18:41:05,-34.5322,20.0403,48.83,75,18,4.63,few clouds
52,Punta Gorda,US,2022-07-23 18:39:28,26.9298,-82.0454,90.32,53,98,3.11,overcast clouds
53,Tasiilaq,GL,2022-07-23 18:41:06,65.6145,-37.6368,41.16,75,100,1.25,overcast clouds
54,Jos,NG,2022-07-23 18:41:06,9.9167,8.9,64.27,93,100,2.8,light rain
55,Yerbogachen,RU,2022-07-23 18:41:06,61.2767,108.0108,67.51,94,96,8.41,overcast clouds
56,Jamestown,US,2022-07-23 18:41:07,42.097,-79.2353,87.03,55,0,13.8,clear sky
57,Moose Factory,CA,2022-07-23 18:41:07,51.2585,-80.6094,68.0,52,20,10.36,few clouds
58,Barrow,US,2022-07-23 18:41:07,71.2906,-156.7887,37.42,87,100,10.36,mist
59,Ribeira Grande,PT,2022-07-23 18:41:08,38.5167,-28.7,75.15,81,97,6.29,overcast clouds
60,Hambantota,LK,2022-07-23 18:41:08,6.1241,81.1185,79.14,89,20,5.75,few clouds
61,Pangody,RU,2022-07-23 18:41:08,65.85,74.4859,51.98,88,100,17.67,overcast clouds
62,Kavaratti,IN,2022-07-23 18:41:09,10.5669,72.642,81.27,78,100,17.83,overcast clouds
63,Gat,IL,2022-07-23 18:37:01,31.61,34.7642,81.81,100,0,3.58,clear sky
64,Werda,BW,2022-07-23 18:41:09,-25.2667,23.2833,65.46,31,41,3.65,scattered clouds
65,Taoudenni,ML,2022-07-23 18:41:10,22.6783,-3.9836,106.59,6,0,5.35,clear sky
66,Bluff,NZ,2022-07-23 18:41:10,-46.6,168.3333,31.8,80,90,5.59,overcast clouds
67,Hasaki,JP,2022-07-23 18:39:14,35.7333,140.8333,76.44,86,97,10.49,overcast clouds
68,Mecca,SA,2022-07-23 18:41:10,21.4267,39.8261,91.92,45,55,4.85,broken clouds
69,Castro,BR,2022-07-23 18:41:11,-24.7911,-50.0119,71.65,50,100,4.16,overcast clouds
70,Belyy Yar,RU,2022-07-23 18:41:11,53.6039,91.3903,55.85,100,0,4.47,clear sky
71,Souillac,MU,2022-07-23 18:41:12,-20.5167,57.5167,70.18,83,40,13.8,scattered clouds
72,Nevsehir,TR,2022-07-23 18:41:12,38.9167,34.6667,70.81,27,0,17.27,clear sky
73,Nikolskoye,RU,2022-07-23 18:41:12,59.7035,30.7861,69.69,97,15,2.39,moderate rain
74,Quibdo,CO,2022-07-23 18:41:13,5.6947,-76.6611,81.46,85,100,4.05,overcast clouds
75,Changde,CN,2022-07-23 18:41:13,29.0464,111.6783,76.89,93,49,1.36,scattered clouds
76,Juegang,CN,2022-07-23 18:41:14,32.3174,121.1855,73.15,92,53,7.11,broken clouds
77,Mehamn,NO,2022-07-23 18:41:14,71.0357,27.8492,51.71,100,100,12.66,drizzle
78,Lodwar,KE,2022-07-23 18:41:14,3.1191,35.5973,86.11,35,10,1.97,clear sky
79,Tanete,ID,2022-07-23 18:41:15,-3.9443,119.7848,71.62,94,80,4.23,broken clouds
80,Torres,BR,2022-07-23 18:41:15,-29.3353,-49.7269,74.82,87,33,7.25,scattered clouds
81,Alofi,NU,2022-07-23 18:41:15,-19.0595,-169.9187,69.69,88,100,11.5,overcast clouds
82,De-Kastri,RU,2022-07-23 18:41:16,51.4667,140.7833,56.59,87,6,2.13,clear sky
83,Lompoc,US,2022-07-23 18:41:16,34.6391,-120.4579,73.54,80,100,10.36,overcast clouds
84,Port Lincoln,AU,2022-07-23 18:41:16,-34.7333,135.8667,53.46,75,35,11.16,light rain
85,Constitucion,CL,2022-07-23 18:41:17,-35.3333,-72.4167,57.42,79,100,2.57,overcast clouds
86,Qaanaaq,GL,2022-07-23 18:41:17,77.484,-69.3632,37.8,97,100,3.22,overcast clouds
87,Yellowknife,CA,2022-07-23 18:40:39,62.456,-114.3525,65.91,45,38,16.98,scattered clouds
88,Garhi Yasin,PK,2022-07-23 18:41:18,27.9069,68.511,84.22,86,100,7.7,overcast clouds
89,Cherskiy,RU,2022-07-23 18:41:18,68.75,161.3,53.62,53,17,0.85,few clouds
90,Vaini,TO,2022-07-23 18:41:18,-21.2,-175.2,69.96,83,40,9.22,scattered clouds
91,Torbay,CA,2022-07-23 18:41:19,47.6666,-52.7314,81.37,74,75,12.66,broken clouds
92,Katobu,ID,2022-07-23 18:41:19,-4.9408,122.5276,71.13,86,41,5.32,scattered clouds
93,Jalu,LY,2022-07-23 18:41:19,29.0331,21.5482,89.62,20,0,8.84,clear sky
94,Te Anau,NZ,2022-07-23 18:41:20,-45.4167,167.7167,36.77,95,94,1.16,overcast clouds
95,Salalah,OM,2022-07-23 18:42:20,17.0151,54.0924,77.79,88,55,6.67,broken clouds
96,Stalowa Wola,PL,2022-07-23 18:41:12,50.5829,22.0533,68.13,85,100,10.0,moderate rain
97,Vanavara,RU,2022-07-23 18:42:21,60.34,102.2797,60.13,98,95,6.02,light rain
98,Lagoa,PT,2022-07-23 18:41:14,39.05,-27.9833,73.49,85,11,9.6,few clouds
99,Butaritari,KI,2022-07-23 18:42:21,3.0707,172.7902,81.93,73,36,15.21,scattered clouds
100,Ippy,CF,2022-07-23 18:42:21,6.2679,21.2247,67.95,97,96,1.28,overcast clouds
101,Alappuzha,IN,2022-07-23 18:42:22,9.49,76.3264,78.01,87,78,7.92,light rain
102,Saskylakh,RU,2022-07-23 18:42:22,71.9167,114.0833,49.77,90,79,1.01,broken clouds
103,Tautira,PF,2022-07-23 18:42:22,-17.7333,-149.15,78.37,77,5,15.95,light rain
104,Talara,PE,2022-07-23 18:42:23,-4.5772,-81.2719,75.96,64,0,11.5,clear sky
105,Bambous Virieux,MU,2022-07-23 18:42:23,-20.3428,57.7575,70.05,83,40,13.8,light rain
106,Shenjiamen,CN,2022-07-23 18:42:23,29.9576,122.298,77.45,95,33,12.21,scattered clouds
107,Tuktoyaktuk,CA,2022-07-23 18:42:24,69.4541,-133.0374,50.0,100,100,9.22,light rain
108,Sur,OM,2022-07-23 18:42:24,22.5667,59.5289,88.63,63,54,15.19,broken clouds
109,Port Alfred,ZA,2022-07-23 18:42:24,-33.5906,26.891,54.18,85,100,7.0,overcast clouds
110,Maniitsoq,GL,2022-07-23 18:42:25,65.4167,-52.9,45.23,88,78,3.87,broken clouds
111,Cape Town,ZA,2022-07-23 18:39:47,-33.9258,18.4232,57.38,73,75,13.8,broken clouds
112,Moree,AU,2022-07-23 18:42:25,-29.4667,149.85,51.03,75,99,6.26,overcast clouds
113,Natal,BR,2022-07-23 18:42:26,-5.795,-35.2094,86.22,58,75,17.27,broken clouds
114,Altay,CN,2022-07-23 18:42:26,47.8667,88.1167,60.28,43,66,3.38,broken clouds
115,Ust-Nera,RU,2022-07-23 18:42:26,64.5667,143.2,61.81,89,100,5.01,overcast clouds
116,Saint-Philippe,RE,2022-07-23 18:42:27,-21.3585,55.7679,69.39,85,53,13.78,light rain
117,Nome,US,2022-07-23 18:37:30,64.5011,-165.4064,48.27,87,100,12.66,moderate rain
118,Cozumel,MX,2022-07-23 18:42:27,20.5083,-86.9458,91.47,75,75,12.66,broken clouds
119,Karratha,AU,2022-07-23 18:38:10,-20.7377,116.8463,62.65,42,0,11.72,clear sky
120,Palmer,US,2022-07-23 18:42:28,42.1584,-72.3287,95.63,38,40,10.36,scattered clouds
121,Praia Da Vitoria,PT,2022-07-23 18:42:28,38.7333,-27.0667,75.76,88,40,4.59,scattered clouds
122,Baykit,RU,2022-07-23 18:42:29,61.67,96.37,59.86,97,100,1.07,overcast clouds
123,Hamilton,US,2022-07-23 18:41:16,39.1834,-84.5333,85.05,57,0,10.36,clear sky
124,Yar-Sale,RU,2022-07-23 18:42:29,66.8333,70.8333,49.84,78,48,15.79,scattered clouds
125,Wuwei,CN,2022-07-23 18:42:29,37.9281,102.6414,71.2,29,21,5.39,few clouds
126,Buala,SB,2022-07-23 18:42:30,-8.145,159.5921,78.58,84,6,4.14,clear sky
127,Tiksi,RU,2022-07-23 18:42:30,71.6872,128.8694,46.69,85,38,2.77,scattered clouds
128,Aloleng,PH,2022-07-23 18:42:30,16.1307,119.7824,83.5,76,100,5.97,overcast clouds
129,Nadvoitsy,RU,2022-07-23 18:42:31,63.8667,34.3167,59.5,97,100,2.98,overcast clouds
130,Beloha,MG,2022-07-23 18:42:31,-25.1667,45.05,66.92,75,14,5.37,few clouds
131,Codrington,AU,2022-07-23 18:42:32,-38.2667,141.9667,46.45,95,7,6.31,clear sky
132,Ahuimanu,US,2022-07-23 18:42:32,21.4447,-157.8378,82.11,69,20,13.8,few clouds
133,Kalach-Na-Donu,RU,2022-07-23 18:42:32,48.691,43.5264,62.94,81,100,1.95,overcast clouds
134,Orange,US,2022-07-23 18:39:27,33.7,-117.7675,79.21,55,9,7.0,clear sky
135,Dire,ML,2022-07-23 18:42:33,12.2833,-10.9667,77.95,88,100,0.78,light rain
136,Saint George,US,2022-07-23 18:39:29,37.1041,-113.5841,103.78,21,20,12.66,few clouds
137,Sazonovo,RU,2022-07-23 18:42:33,59.0919,35.2268,65.5,73,0,5.44,clear sky
138,Saldanha,ZA,2022-07-23 18:42:34,-33.0117,17.9442,50.05,66,0,20.38,clear sky
139,Tete,MZ,2022-07-23 18:42:34,-16.1564,33.5867,66.29,100,20,0.0,few clouds
140,Dudinka,RU,2022-07-23 18:42:34,69.4058,86.1778,69.62,60,96,8.57,overcast clouds
141,Innisfail,AU,2022-07-23 18:43:35,-17.5333,146.0333,62.53,76,93,5.01,overcast clouds
142,Tromso,NO,2022-07-23 18:43:35,69.6496,18.957,50.02,87,100,13.8,overcast clouds
143,Walvis Bay,NA,2022-07-23 18:43:36,-22.9575,14.5053,60.3,67,0,13.98,clear sky
144,Dukat,RU,2022-07-23 18:43:36,62.55,155.55,48.58,63,19,5.19,few clouds
145,Pangoa,PE,2022-07-23 18:43:36,-12.1167,-73.0,87.55,43,62,5.17,broken clouds
146,Turbat,PK,2022-07-23 18:43:37,26.0023,63.044,84.29,74,100,11.5,overcast clouds
147,Thompson,CA,2022-07-23 18:43:37,55.7435,-97.8558,63.46,43,100,8.1,overcast clouds
148,Huicungo,PE,2022-07-23 18:43:37,-7.2833,-76.8,88.05,58,20,3.44,few clouds
149,Kuybyshevo,RU,2022-07-23 18:43:38,47.8123,38.9073,65.5,67,38,6.42,light rain
150,Vila Velha,BR,2022-07-23 18:43:28,-20.3297,-40.2925,80.55,65,20,13.8,few clouds
151,Lavrentiya,RU,2022-07-23 18:43:38,65.5833,-171.0,44.65,80,100,12.82,overcast clouds
152,Langarud,IR,2022-07-23 18:43:39,37.197,50.1535,75.96,74,7,0.78,clear sky
153,Tet,HU,2022-07-23 18:43:39,47.5192,17.508,74.64,63,100,5.48,overcast clouds
154,Cockburn Town,TC,2022-07-23 18:43:39,21.4612,-71.1419,85.96,62,40,12.66,scattered clouds
155,Saint-Augustin,CA,2022-07-23 18:43:40,51.226,-58.6502,66.2,84,82,11.68,broken clouds
156,Redwater,US,2022-07-23 18:43:40,33.3582,-94.2544,97.09,30,1,5.23,clear sky
157,Canning,IN,2022-07-23 18:40:10,22.3189,88.6714,82.42,84,100,9.82,moderate rain
158,Neyvo-Shaytanskiy,RU,2022-07-23 18:43:41,57.7286,61.2496,58.41,67,99,5.28,overcast clouds
159,Sao Felix Do Xingu,BR,2022-07-23 18:43:41,-6.6447,-51.995,94.55,24,100,3.04,overcast clouds
160,Severo-Kurilsk,RU,2022-07-23 18:43:41,50.6789,156.125,53.49,91,54,3.0,broken clouds
161,Surt,LY,2022-07-23 18:43:42,31.2089,16.5887,81.28,67,0,11.5,clear sky
162,Yelahanka,IN,2022-07-23 18:43:42,13.1075,77.6003,69.89,100,40,9.22,scattered clouds
163,Mangaluru,IN,2022-07-23 18:43:42,12.8667,74.8833,76.06,94,100,8.05,overcast clouds
164,Bengkulu,ID,2022-07-23 18:43:43,-3.8004,102.2655,75.18,93,97,4.97,overcast clouds
165,Port Hardy,CA,2022-07-23 18:42:16,50.6996,-127.4199,59.18,82,75,9.22,broken clouds
166,Quepos,CR,2022-07-23 18:43:43,9.4236,-84.1652,80.82,83,94,5.3,overcast clouds
167,Phan Thiet,VN,2022-07-23 18:43:44,10.9333,108.1,76.19,91,90,3.78,overcast clouds
168,Upernavik,GL,2022-07-23 18:43:44,72.7868,-56.1549,43.11,96,100,5.3,overcast clouds
169,Caravelas,BR,2022-07-23 18:43:44,-17.7125,-39.2481,75.65,64,0,7.18,clear sky
170,Camocim,BR,2022-07-23 18:43:45,-2.9022,-40.8411,84.61,64,84,13.33,broken clouds
171,Tucuman,AR,2022-07-23 18:40:14,-26.8241,-65.2226,77.0,53,100,4.61,overcast clouds
172,Juneau,US,2022-07-23 18:43:45,58.3019,-134.4197,55.85,98,100,11.5,light rain
173,Klaksvik,FO,2022-07-23 18:43:45,62.2266,-6.589,50.86,89,99,15.93,overcast clouds
174,Kampene,CD,2022-07-23 18:43:46,-3.6,26.6667,77.63,55,73,1.54,broken clouds
175,Grants,US,2022-07-23 18:43:46,35.1473,-107.8514,88.03,23,12,0.0,few clouds
176,Gao,ML,2022-07-23 18:43:46,16.6362,1.637,98.78,27,56,10.16,broken clouds
177,Carnarvon,AU,2022-07-23 18:43:47,-24.8667,113.6333,66.13,62,58,19.82,broken clouds
178,Ifo,NG,2022-07-23 18:43:47,6.8144,3.1958,75.88,81,98,6.02,light rain
179,Coahuayana,MX,2022-07-23 18:43:47,18.7333,-103.6833,87.57,61,100,4.5,overcast clouds
180,Punta Arenas,CL,2022-07-23 18:40:00,-53.15,-70.9167,39.31,56,0,9.22,clear sky
181,Cairns,AU,2022-07-23 18:43:48,-16.9167,145.7667,61.07,86,40,10.36,scattered clouds
182,Ancud,CL,2022-07-23 18:43:48,-41.8697,-73.8203,46.22,88,100,1.1,overcast clouds
183,Khatanga,RU,2022-07-23 18:43:49,71.9667,102.5,46.78,89,1,14.56,clear sky
184,Cornwall,CA,2022-07-23 18:41:42,45.0181,-74.7281,86.25,58,0,16.11,clear sky
185,Mingshui,CN,2022-07-23 18:43:49,36.7167,117.5,71.69,85,0,4.27,clear sky
186,Norman Wells,CA,2022-07-23 18:43:49,65.282,-126.8329,62.64,67,75,9.22,broken clouds
187,Zeerust,ZA,2022-07-23 18:43:50,-25.5369,26.0751,59.36,49,86,3.89,overcast clouds
188,Kodiak,US,2022-07-23 18:44:50,57.79,-152.4072,49.51,87,100,6.91,light rain
189,Zyryanka,RU,2022-07-23 18:44:51,65.75,150.85,57.07,54,0,5.79,clear sky
190,Tumen,CN,2022-07-23 18:44:51,42.9661,129.8425,64.87,99,100,3.91,overcast clouds
191,Sawtell,AU,2022-07-23 18:44:51,-30.3833,153.1,56.1,85,54,10.54,broken clouds
192,Mar Del Plata,AR,2022-07-23 18:40:34,-38.0023,-57.5575,57.06,81,100,8.3,overcast clouds
193,Port-Gentil,GA,2022-07-23 18:44:52,-0.7193,8.7815,75.16,73,40,8.05,scattered clouds
194,Cabo San Lucas,MX,2022-07-23 18:43:05,22.8909,-109.9124,81.7,81,100,0.0,overcast clouds
195,Tiarei,PF,2022-07-23 18:44:52,-17.5333,-149.3333,78.82,79,28,14.67,light rain
196,Peleduy,RU,2022-07-23 18:44:52,59.6289,112.7406,69.35,82,5,3.4,clear sky
197,Newport,GB,2022-07-23 18:42:08,51.5877,-2.9984,69.26,81,100,1.99,overcast clouds
198,Mantua,IT,2022-07-23 18:41:49,45.1667,10.7833,92.44,48,99,10.13,overcast clouds
199,Punto Fijo,VE,2022-07-23 18:44:53,11.6956,-70.1996,86.4,55,6,23.02,clear sky
200,Luderitz,NA,2022-07-23 18:44:54,-26.6481,15.1594,61.29,62,0,25.03,clear sky
201,Lashio,MM,2022-07-23 18:44:54,22.9333,97.75,67.91,99,99,1.03,overcast clouds
202,Vikarabad,IN,2022-07-23 18:44:54,17.3333,77.9,70.74,94,100,9.22,overcast clouds
203,Elizabeth City,US,2022-07-23 18:44:55,36.2946,-76.2511,97.05,61,0,13.8,clear sky
204,Golspie,GB,2022-07-23 18:44:55,57.9727,-3.978,62.74,92,100,9.15,heavy intensity rain
205,Kautokeino,NO,2022-07-23 18:44:55,69.0125,23.0412,51.48,69,21,13.53,few clouds
206,Sao Filipe,CV,2022-07-23 18:44:56,14.8961,-24.4956,78.19,82,100,5.84,overcast clouds
207,Richards Bay,ZA,2022-07-23 18:44:56,-28.783,32.0377,67.26,73,19,5.97,few clouds
208,Bud,US,2022-07-23 18:44:57,39.447,-86.1758,88.68,49,2,10.78,clear sky
209,Kyra,RU,2022-07-23 18:44:57,49.5776,111.9753,55.72,88,72,4.63,broken clouds
210,Vallenar,CL,2022-07-23 18:44:57,-28.5708,-70.7581,67.77,50,0,4.5,clear sky
211,Port Elizabeth,ZA,2022-07-23 18:44:58,-33.918,25.5701,54.32,87,40,16.11,scattered clouds
212,Rocha,UY,2022-07-23 18:44:58,-34.4833,-54.3333,66.31,84,95,9.84,overcast clouds
213,Hutchinson,US,2022-07-23 18:40:44,38.0608,-97.9298,102.52,34,0,20.71,clear sky
214,Waddan,LY,2022-07-23 18:44:59,29.1614,16.139,86.43,24,0,9.51,clear sky
215,Kangaatsiaq,GL,2022-07-23 18:44:59,68.3065,-53.4641,39.52,99,100,9.46,overcast clouds
216,Arraial Do Cabo,BR,2022-07-23 18:43:50,-22.9661,-42.0278,82.36,65,0,14.97,clear sky
217,Vincennes,FR,2022-07-23 18:44:59,48.85,2.4333,80.92,51,0,8.05,clear sky
218,Esperance,AU,2022-07-23 18:45:00,-33.8667,121.9,54.64,88,100,24.63,light rain
219,Clyde River,CA,2022-07-23 18:45:00,70.4692,-68.5914,59.23,58,40,5.75,scattered clouds
220,Laguna,US,2022-07-23 18:45:00,38.421,-121.4238,88.0,18,0,5.97,clear sky
221,Hobart,AU,2022-07-23 18:45:01,-42.8794,147.3294,49.12,92,100,4.36,overcast clouds
222,Marawi,PH,2022-07-23 18:45:01,7.9986,124.2928,69.1,92,100,3.04,light rain
223,Pochutla,MX,2022-07-23 18:40:40,15.7432,-96.4661,85.82,84,100,1.83,overcast clouds
224,Celestun,MX,2022-07-23 18:45:02,20.8667,-90.4,88.74,60,100,11.41,overcast clouds
225,Pinotepa Nacional,MX,2022-07-23 18:45:02,16.3167,-98.0167,90.27,55,97,4.74,overcast clouds
226,Conde,BR,2022-07-23 18:45:02,-7.2597,-34.9075,81.86,65,20,16.11,few clouds
227,Westport,US,2022-07-23 18:45:03,41.1415,-73.3579,92.12,30,29,3.96,scattered clouds
228,Bourail,NC,2022-07-23 18:45:04,-21.5667,165.4833,70.7,93,44,3.91,scattered clouds
229,Dharchula,IN,2022-07-23 18:45:04,29.85,80.5333,73.44,90,100,1.41,overcast clouds
230,General Roca,AR,2022-07-23 18:45:04,-39.0333,-67.5833,56.62,43,100,10.47,light rain
231,Broome,US,2022-07-23 18:45:05,42.2506,-75.833,94.01,40,0,11.5,clear sky
232,Nanortalik,GL,2022-07-23 18:46:05,60.1432,-45.2371,45.32,88,98,10.49,overcast clouds
233,Cayenne,GF,2022-07-23 18:46:05,4.9333,-52.3333,87.84,1,40,12.66,scattered clouds
234,Charters Towers,AU,2022-07-23 18:46:06,-20.1,146.2667,54.64,83,0,5.57,clear sky
235,Menongue,AO,2022-07-23 18:46:06,-14.6585,17.691,63.63,32,65,4.52,broken clouds
236,Leningradskiy,RU,2022-07-23 18:46:07,69.3833,178.4167,34.66,92,100,9.46,overcast clouds
237,Vestmannaeyjar,IS,2022-07-23 18:46:07,63.4427,-20.2734,54.41,85,100,7.96,overcast clouds
238,Provideniya,RU,2022-07-23 18:46:07,64.3833,-173.3,43.88,85,98,8.03,overcast clouds
239,Ucluelet,CA,2022-07-23 18:45:40,48.9329,-125.5528,62.46,74,7,5.57,clear sky
240,Tura,IN,2022-07-23 18:46:08,25.5198,90.2201,74.34,98,100,5.79,light rain
241,Kloulklubed,PW,2022-07-23 18:46:08,7.0419,134.2556,77.5,76,100,13.73,overcast clouds
242,Zhanaozen,KZ,2022-07-23 18:41:15,43.3,52.8,78.21,42,93,25.61,overcast clouds
243,Vardo,NO,2022-07-23 18:46:09,70.3705,31.1107,51.78,87,75,11.5,broken clouds
244,Airai,TL,2022-07-23 18:46:09,-8.9266,125.4092,51.4,85,89,1.57,overcast clouds
245,Gallup,US,2022-07-23 18:46:09,35.5281,-108.7426,87.03,33,0,8.05,clear sky
246,Beruwala,LK,2022-07-23 18:46:10,6.4788,79.9828,78.69,87,99,10.47,overcast clouds
247,Pokhara,NP,2022-07-23 18:46:10,28.2333,83.9833,71.69,89,100,4.29,overcast clouds
248,Mayo,US,2022-07-23 18:44:16,38.8876,-76.5119,98.37,56,0,9.22,clear sky
249,Awjilah,LY,2022-07-23 18:45:03,29.1081,21.2869,88.77,23,0,12.53,clear sky
250,Longyearbyen,SJ,2022-07-23 18:45:01,78.2186,15.6401,49.84,87,75,8.05,broken clouds
251,Porbandar,IN,2022-07-23 18:46:11,21.6422,69.6093,81.23,85,100,20.09,overcast clouds
252,Taksimo,RU,2022-07-23 18:46:11,56.3444,114.8794,63.21,89,1,3.09,clear sky
253,Kitui,KE,2022-07-23 18:46:11,-1.367,38.0106,63.25,67,35,9.22,scattered clouds
254,Sisimiut,GL,2022-07-23 18:46:12,66.9395,-53.6735,45.64,86,100,5.3,overcast clouds
255,Srandakan,ID,2022-07-23 18:46:12,-7.9386,110.2506,75.63,87,88,8.77,overcast clouds
256,Port Shepstone,ZA,2022-07-23 18:46:12,-30.7414,30.455,65.84,84,81,18.21,light rain
257,Bairiki,KI,2022-07-23 18:46:13,1.3292,172.9752,80.6,78,20,9.22,few clouds
258,Trelaze,FR,2022-07-23 18:46:13,47.45,-0.4667,81.05,39,0,3.44,clear sky
259,Benguela,AO,2022-07-23 18:46:14,-12.5763,13.4055,70.36,88,100,3.04,overcast clouds
260,Fairview,US,2022-07-23 18:43:07,40.8126,-73.999,98.62,32,0,10.36,clear sky
261,Quelimane,MZ,2022-07-23 18:46:14,-17.8786,36.8883,71.55,78,20,4.61,few clouds
262,Yulara,AU,2022-07-23 18:46:14,-25.2406,130.9889,57.67,38,0,5.55,clear sky
263,Kaduqli,SD,2022-07-23 18:46:15,11.0167,29.7167,76.96,80,100,0.04,overcast clouds
264,Ovalle,CL,2022-07-23 18:46:15,-30.5983,-71.2003,66.83,61,0,4.23,clear sky
265,Washington,US,2022-07-23 18:41:47,47.5001,-120.5015,82.56,30,5,3.94,clear sky
266,Santa Marta,CO,2022-07-23 18:44:43,11.2408,-74.199,93.25,59,20,9.22,few clouds
267,Pimentel,PE,2022-07-23 18:46:16,-6.8367,-79.9342,71.89,60,0,11.5,clear sky
268,Jimeta,NG,2022-07-23 18:46:16,9.2833,12.4667,75.63,85,98,2.75,overcast clouds
269,Northam,GB,2022-07-23 18:46:16,51.0333,-4.2167,67.39,87,100,17.96,moderate rain
270,Tessalit,ML,2022-07-23 18:46:17,20.1986,1.0114,102.52,10,88,7.87,overcast clouds
271,Inndyr,NO,2022-07-23 18:46:17,67.0338,14.0276,53.28,86,80,4.54,broken clouds
272,Udachnyy,RU,2022-07-23 18:46:18,66.4167,112.4,62.46,82,42,8.97,scattered clouds
273,Petropavlovsk-Kamchatskiy,RU,2022-07-23 18:46:13,53.0452,158.6483,46.99,100,40,2.24,scattered clouds
274,Fare,PF,2022-07-23 18:46:18,-16.7,-151.0167,79.27,74,0,14.03,clear sky
275,San Patricio,US,2022-07-23 18:46:18,28.017,-97.5169,95.54,42,15,19.1,few clouds
276,Bartica,GY,2022-07-23 18:46:19,6.4,-58.6167,80.92,91,100,3.83,overcast clouds
277,Nabire,ID,2022-07-23 18:46:19,-3.3667,135.4833,74.48,94,96,4.45,overcast clouds
278,Porto Novo,BJ,2022-07-23 18:46:19,6.4965,2.6036,78.62,78,100,8.14,light rain
279,Hovd,MN,2022-07-23 18:46:20,48.0056,91.6419,61.0,48,5,2.26,clear sky
280,Kavieng,PG,2022-07-23 18:46:20,-2.5744,150.7967,81.99,75,6,12.35,clear sky
281,Kisangani,CD,2022-07-23 18:47:21,0.5167,25.2,71.26,96,100,1.21,moderate rain
282,Mindelo,CV,2022-07-23 18:47:21,16.8901,-24.9804,83.75,58,75,5.75,broken clouds
283,Harer,ET,2022-07-23 18:47:22,9.3094,42.1258,63.72,66,59,9.42,broken clouds
284,Isawa,JP,2022-07-23 18:47:22,35.65,138.6333,75.38,84,73,1.63,broken clouds
285,Kaitangata,NZ,2022-07-23 18:47:22,-46.2817,169.8464,33.51,89,9,3.42,clear sky
286,Huron,US,2022-07-23 18:47:23,41.1501,-82.5499,77.67,81,100,18.3,overcast clouds
287,Rabo De Peixe,PT,2022-07-23 18:47:23,37.8,-25.5833,71.11,83,40,8.05,scattered clouds
288,Vila Franca Do Campo,PT,2022-07-23 18:45:10,37.7167,-25.4333,72.01,74,92,4.16,overcast clouds
289,Muscat,OM,2022-07-23 18:43:00,23.6139,58.5922,89.62,67,40,6.13,scattered clouds
290,Itarema,BR,2022-07-23 18:47:24,-2.9248,-39.9167,83.34,65,14,18.01,few clouds
291,Emerald,AU,2022-07-23 18:47:24,-23.5333,148.1667,53.96,85,0,7.78,clear sky
292,Acapetahua,MX,2022-07-23 18:47:24,15.2833,-92.7,85.15,74,100,6.49,overcast clouds
293,Fenyi,CN,2022-07-23 18:47:25,27.8112,114.6681,80.11,82,0,1.41,clear sky
294,Urubicha,BO,2022-07-23 18:47:25,-15.3833,-62.95,94.19,24,0,5.32,clear sky
295,Salinopolis,BR,2022-07-23 18:47:25,-0.6136,-47.3561,82.63,76,100,10.65,overcast clouds
296,Tongliao,CN,2022-07-23 18:47:26,43.6125,122.2653,65.57,95,99,5.77,light rain
297,Lasa,IT,2022-07-23 18:47:26,46.6166,10.7002,70.68,91,86,1.79,light rain
298,Amazar,RU,2022-07-23 18:47:26,53.858,120.875,59.63,93,0,4.23,clear sky
299,Fonte Boa,BR,2022-07-23 18:47:27,-2.4959,-66.2662,80.46,91,100,0.16,overcast clouds
300,Broken Hill,AU,2022-07-23 18:47:27,-31.95,141.4333,52.11,77,0,7.43,clear sky
301,Kaeo,NZ,2022-07-23 18:47:28,-35.1,173.7833,55.85,87,100,16.98,moderate rain
302,Asau,RO,2022-07-23 18:47:28,46.4333,26.4,74.32,61,2,3.38,clear sky
303,Ponta Do Sol,PT,2022-07-23 18:45:09,32.6667,-17.1,82.71,70,1,4.43,clear sky
304,Padang,ID,2022-07-23 18:47:28,-0.9492,100.3543,77.32,87,100,4.83,overcast clouds
305,Saint-Francois,FR,2022-07-23 18:47:29,46.4154,3.9054,78.24,50,0,8.05,clear sky
306,San Carlos De Bariloche,AR,2022-07-23 18:47:29,-41.1456,-71.3082,42.55,70,75,14.97,broken clouds
307,Ilulissat,GL,2022-07-23 18:45:06,69.2167,-51.1,39.29,98,100,4.27,light rain
308,Chokurdakh,RU,2022-07-23 18:47:30,70.6333,147.9167,48.69,59,90,11.18,overcast clouds
309,Port Hedland,AU,2022-07-23 18:47:30,-20.3167,118.5667,59.05,67,0,11.5,clear sky
310,Hiroshima,JP,2022-07-23 18:46:54,34.3963,132.4594,75.4,35,97,1.1,overcast clouds
311,Yining,CN,2022-07-23 18:47:30,29.0361,114.5636,76.77,95,93,1.99,overcast clouds
312,Atar,MR,2022-07-23 18:47:31,20.5169,-13.0499,86.97,56,100,8.75,light rain
313,Kontagora,NG,2022-07-23 18:47:31,10.3999,5.4695,72.09,94,100,3.15,moderate rain
314,Berdigestyakh,RU,2022-07-23 18:47:31,62.0989,126.6992,57.45,91,6,1.16,clear sky
315,New Norfolk,AU,2022-07-23 18:47:32,-42.7826,147.0587,47.91,85,100,1.92,overcast clouds
316,Raska,RS,2022-07-23 18:47:32,43.2872,20.6153,77.32,41,6,0.22,clear sky
317,Mamlyutka,KZ,2022-07-23 18:47:33,54.9375,68.5394,55.11,80,11,7.31,few clouds
318,Oshikango,NA,2022-07-23 18:47:33,-17.4,15.8833,66.15,29,1,7.11,clear sky
319,Atambua,ID,2022-07-23 18:47:33,-9.1061,124.8925,64.49,79,100,5.26,overcast clouds
320,Bahia Blanca,AR,2022-07-23 18:47:34,-38.7196,-62.2724,62.24,53,100,5.23,overcast clouds
321,Chimoio,MZ,2022-07-23 18:47:34,-19.1164,33.4833,62.46,88,20,3.24,few clouds
322,Kyren,RU,2022-07-23 18:47:34,51.6828,102.1408,54.32,88,100,0.4,overcast clouds
323,Kaiyuan,CN,2022-07-23 18:47:35,23.6977,103.3037,65.01,95,1,4.41,clear sky
324,Oussouye,SN,2022-07-23 18:47:35,12.485,-16.5469,80.78,84,73,7.96,light rain
325,Pangkalanbuun,ID,2022-07-23 18:47:35,-2.6833,111.6167,72.91,99,98,2.08,overcast clouds
326,Alexandria,EG,2022-07-23 18:47:36,31.2156,29.9553,78.49,75,0,9.86,clear sky
327,Makakilo City,US,2022-07-23 18:48:36,21.3469,-158.0858,80.92,64,0,13.8,clear sky
328,Biak,ID,2022-07-23 18:48:36,-0.9131,122.8766,74.98,86,50,4.9,scattered clouds
329,Prince Rupert,CA,2022-07-23 18:48:37,54.3161,-130.3201,57.29,85,100,5.75,overcast clouds
330,Viana,BR,2022-07-23 18:48:37,-20.3903,-40.4961,80.37,61,1,7.43,clear sky
331,Nara,JP,2022-07-23 18:48:38,34.6851,135.8049,74.5,62,100,1.99,overcast clouds
332,Mareeba,AU,2022-07-23 18:48:38,-17.0,145.4333,56.44,88,0,1.92,clear sky
333,Trat,TH,2022-07-23 18:48:39,12.5,102.5,80.91,88,100,0.89,overcast clouds
334,Dunedin,NZ,2022-07-23 18:48:39,-45.8742,170.5036,43.81,68,3,13.0,clear sky
335,San Andres,CO,2022-07-23 18:48:39,12.5847,-81.7006,87.82,70,40,13.8,scattered clouds
336,Grand Gaube,MU,2022-07-23 18:48:40,-20.0064,57.6608,70.2,74,68,8.01,broken clouds
337,Nhulunbuy,AU,2022-07-23 18:48:40,-12.2333,136.7667,65.01,94,79,3.44,broken clouds
338,Hibbing,US,2022-07-23 18:48:40,47.4272,-92.9377,71.02,52,20,6.91,few clouds
339,Banka,IN,2022-07-23 18:48:41,24.8833,86.9167,83.05,77,100,9.6,overcast clouds
340,Shetpe,KZ,2022-07-23 18:48:41,44.1667,52.1167,71.92,58,96,9.84,light rain
341,Fortuna Foothills,US,2022-07-23 18:48:41,32.6578,-114.4119,105.22,32,0,16.11,clear sky
342,Hirara,JP,2022-07-23 18:48:42,24.8,125.2833,84.85,78,80,12.24,broken clouds
343,Marystown,CA,2022-07-23 18:48:42,47.1666,-55.1483,70.21,82,19,11.86,few clouds
344,Atikokan,CA,2022-07-23 18:48:43,48.7555,-91.6216,73.29,56,100,4.7,moderate rain
345,Cakovec,HR,2022-07-23 18:48:43,46.3844,16.4339,70.93,86,20,10.02,light rain
346,Henties Bay,NA,2022-07-23 18:46:22,-22.116,14.2845,56.41,84,0,4.83,clear sky
347,Port Augusta,AU,2022-07-23 18:48:43,-32.5,137.7667,49.05,69,0,4.7,clear sky
348,Kaliua,TZ,2022-07-23 18:48:44,-5.0606,31.7936,73.22,37,83,4.85,broken clouds
349,San Rafael,AR,2022-07-23 18:48:44,-34.6177,-68.3301,70.59,15,35,4.5,scattered clouds
350,Bonavista,CA,2022-07-23 18:48:44,48.6499,-53.1147,66.04,90,99,7.43,overcast clouds
351,Chuy,UY,2022-07-23 18:48:45,-33.6971,-53.4616,64.29,90,86,7.9,overcast clouds
352,Marsaxlokk,MT,2022-07-23 18:48:45,35.8419,14.5431,81.63,75,0,10.29,clear sky
353,Tsumeb,NA,2022-07-23 18:48:45,-19.2333,17.7167,67.6,31,10,2.73,clear sky
354,Deputatskiy,RU,2022-07-23 18:48:46,69.3,139.9,49.24,69,63,4.25,broken clouds
355,Kruisfontein,ZA,2022-07-23 18:48:46,-34.0033,24.7314,51.89,70,16,15.61,few clouds
356,Katherine,AU,2022-07-23 18:48:47,-14.4667,132.2667,48.52,66,60,1.14,broken clouds
357,California City,US,2022-07-23 18:48:47,35.1258,-117.9859,101.08,7,0,17.27,clear sky
358,Truro,GB,2022-07-23 18:44:58,50.2653,-5.0544,67.28,82,75,16.11,broken clouds
359,Oksfjord,NO,2022-07-23 18:48:47,70.2396,22.3479,54.0,94,100,9.19,light rain
360,North Bend,US,2022-07-23 18:45:35,43.4065,-124.2243,63.16,88,100,18.41,overcast clouds
361,Springfield,US,2022-07-23 18:46:45,37.2153,-93.2982,99.23,34,0,10.36,clear sky
362,Touros,BR,2022-07-23 18:45:37,-5.1989,-35.4608,79.83,77,62,17.65,broken clouds
363,Maceio,BR,2022-07-23 18:47:41,-9.6658,-35.7353,76.77,80,72,12.86,broken clouds
364,Meulaboh,ID,2022-07-23 18:48:48,4.1363,96.1285,77.67,88,100,6.98,overcast clouds
365,Kedrovyy,RU,2022-07-23 18:48:49,56.1667,91.8167,50.41,94,75,4.32,broken clouds
366,Ilhabela,BR,2022-07-23 18:48:49,-23.7781,-45.3581,74.61,62,15,3.83,few clouds
367,Union,US,2022-07-23 18:48:49,40.6334,-74.2663,99.91,31,0,3.0,clear sky
368,Naze,JP,2022-07-23 18:48:50,28.3667,129.4833,77.88,76,100,2.53,overcast clouds
369,Sao Gabriel Da Cachoeira,BR,2022-07-23 18:48:50,-0.1303,-67.0892,85.8,66,40,3.44,scattered clouds
370,Aklavik,CA,2022-07-23 18:48:51,68.2191,-135.0107,47.7,87,100,6.38,overcast clouds
371,Saint-Pierre,RE,2022-07-23 18:46:16,-21.3393,55.4781,69.48,78,20,18.41,few clouds
372,Buyukcavuslu,TR,2022-07-23 18:49:51,41.2423,28.0646,75.4,50,0,8.05,clear sky
373,Grandview,US,2022-07-23 18:46:07,38.8858,-94.533,101.71,39,0,19.57,clear sky
374,Makinsk,KZ,2022-07-23 18:49:52,52.6292,70.4169,57.34,87,9,7.2,clear sky
375,Redlands,US,2022-07-23 18:45:35,34.0556,-117.1825,102.07,45,75,4.61,haze
376,Jevargi,IN,2022-07-23 18:49:52,17.0167,76.7667,76.39,81,100,10.45,overcast clouds
377,Camacupa,AO,2022-07-23 18:49:52,-12.0167,17.4833,70.61,27,95,2.66,overcast clouds
378,Lorengau,PG,2022-07-23 18:49:53,-2.0226,147.2712,81.18,80,25,5.79,scattered clouds
379,Lakes Entrance,AU,2022-07-23 18:49:53,-37.8811,147.981,43.16,81,71,6.58,broken clouds
380,Illapel,CL,2022-07-23 18:49:53,-31.6308,-71.1653,67.62,54,1,3.22,clear sky
381,Norwich,GB,2022-07-23 18:49:54,52.6278,1.2983,78.98,49,0,12.66,clear sky
382,Namatanai,PG,2022-07-23 18:49:54,-3.6667,152.4333,78.26,78,9,5.26,clear sky
383,Bandarbeyla,SO,2022-07-23 18:49:55,9.4942,50.8122,76.59,83,27,29.95,scattered clouds
384,Pandan Niog,PH,2022-07-23 18:49:55,6.2282,120.5631,82.87,76,89,6.49,overcast clouds
385,Champerico,GT,2022-07-23 18:49:55,14.3,-91.9167,83.16,73,44,7.0,scattered clouds
386,Jawhar,SO,2022-07-23 18:49:56,2.7809,45.5005,73.87,83,28,15.3,scattered clouds
387,Necochea,AR,2022-07-23 18:49:56,-38.5473,-58.7368,61.63,65,100,3.13,overcast clouds
388,Shache,CN,2022-07-23 18:49:56,38.4167,77.2406,85.59,11,0,2.93,clear sky
389,Muisne,EC,2022-07-23 18:49:57,0.6,-80.0333,75.72,80,97,11.16,overcast clouds
390,Nisia Floresta,BR,2022-07-23 18:49:57,-6.0911,-35.2086,78.21,81,100,13.8,overcast clouds
391,Bathsheba,BB,2022-07-23 18:49:57,13.2167,-59.5167,88.41,80,40,14.97,scattered clouds
392,Axim,GH,2022-07-23 18:49:58,4.8699,-2.2405,75.88,76,56,7.25,broken clouds
393,Lucapa,AO,2022-07-23 18:49:58,-8.4192,20.7447,76.66,27,46,2.77,scattered clouds
394,Gari,RU,2022-07-23 18:49:58,59.4307,62.3497,58.42,58,100,0.83,overcast clouds
395,Genhe,CN,2022-07-23 18:49:59,50.7833,121.5167,56.52,96,33,3.33,scattered clouds
396,Las Rosas,AR,2022-07-23 18:49:59,-32.4766,-61.5804,80.71,48,0,8.7,clear sky
397,Berlevag,NO,2022-07-23 18:49:59,70.8578,29.0864,50.99,92,100,18.7,overcast clouds
398,Ostrovnoy,RU,2022-07-23 18:50:00,68.0531,39.5131,50.74,84,92,2.55,overcast clouds
399,Acapulco,MX,2022-07-23 18:50:00,16.8634,-99.8901,86.72,66,100,4.68,overcast clouds
400,Tilichiki,RU,2022-07-23 18:50:00,60.4667,166.1,46.42,86,100,6.8,overcast clouds
401,Port Macquarie,AU,2022-07-23 18:47:47,-31.4333,152.9167,54.66,87,82,8.52,broken clouds
402,Tuatapere,NZ,2022-07-23 18:50:01,-46.1333,167.6833,38.71,93,73,2.01,broken clouds
403,Nogliki,RU,2022-07-23 18:50:01,51.8333,143.1667,52.83,92,100,3.96,overcast clouds
404,Bam,IR,2022-07-23 18:50:02,29.106,58.357,92.44,29,93,13.13,overcast clouds
405,Whitewater,US,2022-07-23 18:50:02,42.8336,-88.7323,87.35,64,5,10.89,clear sky
406,Isangel,VU,2022-07-23 18:45:10,-19.55,169.2667,75.47,89,4,10.0,clear sky
407,Kutum,SD,2022-07-23 18:50:03,14.2,24.6667,87.01,31,69,4.32,broken clouds
408,Glendive,US,2022-07-23 18:50:03,47.1053,-104.7125,82.49,41,0,9.22,clear sky
409,Lagunas,PE,2022-07-23 18:50:04,-5.2269,-75.6753,94.01,41,11,2.44,few clouds
410,Kirando,TZ,2022-07-23 18:50:04,-7.4167,30.6,73.74,55,4,5.88,clear sky
411,Ushtobe,KZ,2022-07-23 18:50:04,45.2514,77.9838,76.15,24,0,6.29,clear sky
412,Bethel,US,2022-07-23 18:50:05,41.3712,-73.414,94.05,46,0,6.91,clear sky
413,Mathbaria,BD,2022-07-23 18:50:05,22.2876,89.9593,80.08,86,100,7.07,light rain
414,Opuwo,NA,2022-07-23 18:50:05,-18.0607,13.84,66.45,27,0,6.49,clear sky
415,Teguldet,RU,2022-07-23 18:50:06,57.3064,88.1667,54.43,79,93,3.74,overcast clouds
416,Sechura,PE,2022-07-23 18:50:06,-5.5569,-80.8222,75.4,60,11,13.91,few clouds
417,Zhezkazgan,KZ,2022-07-23 18:50:07,47.8043,67.7144,75.7,28,6,14.52,clear sky
418,Barra Do Garcas,BR,2022-07-23 18:50:07,-15.89,-52.2567,93.78,21,0,11.5,clear sky
419,Metro,ID,2022-07-23 18:51:07,-5.1131,105.3067,73.85,94,34,2.46,scattered clouds
420,Zhangye,CN,2022-07-23 18:51:08,38.9342,100.4517,75.29,26,5,7.94,clear sky
421,Vostok,RU,2022-07-23 18:51:08,46.4856,135.8833,58.75,96,100,1.61,overcast clouds
422,Singkang,MY,2022-07-23 18:51:08,2.1006,102.7994,75.06,95,93,1.77,overcast clouds
423,Kayes,ML,2022-07-23 18:51:09,14.0,-11.0,85.32,63,100,7.07,overcast clouds
424,Ugoofaaru,MV,2022-07-23 18:51:09,5.6667,73.0,81.99,77,94,13.96,overcast clouds
425,Trapani,IT,2022-07-23 18:51:09,37.8333,12.6667,84.27,79,0,11.5,clear sky
426,Eucaliptus,BO,2022-07-23 18:51:10,-17.5833,-67.5167,58.62,14,0,5.7,clear sky
427,Belmonte,BR,2022-07-23 18:51:10,-15.8631,-38.8828,73.94,84,7,9.44,clear sky
428,Moses Lake,US,2022-07-23 18:48:37,47.1301,-119.2781,88.88,29,0,2.8,clear sky
429,Avera,US,2022-07-23 18:51:11,33.194,-82.5271,92.71,39,39,5.28,scattered clouds
430,Mogadishu,SO,2022-07-23 18:51:11,2.0371,45.3438,76.14,84,58,18.77,light rain
431,Marrakesh,MA,2022-07-23 18:51:11,31.6315,-8.0083,104.07,22,40,10.36,scattered clouds
432,Zelenogradsk,RU,2022-07-23 18:51:12,54.9589,20.4767,66.25,73,75,11.18,broken clouds
433,Matay,EG,2022-07-23 18:51:12,28.419,30.7792,90.52,21,0,14.54,clear sky
434,Thinadhoo,MV,2022-07-23 18:51:12,0.5333,72.9333,81.99,72,100,6.08,overcast clouds
435,Zaplavnoye,RU,2022-07-23 18:51:13,48.7048,45.0229,63.54,83,63,5.17,light rain
436,Sorland,NO,2022-07-23 18:51:13,67.667,12.6934,51.66,85,100,10.22,overcast clouds
437,Egvekinot,RU,2022-07-23 18:51:13,66.3167,-179.1667,37.24,76,100,8.21,overcast clouds
438,Carson City,US,2022-07-23 18:46:36,39.1638,-119.7674,92.3,14,0,8.05,clear sky
439,Abay,KZ,2022-07-23 18:51:14,49.6311,72.8539,52.18,49,100,4.83,overcast clouds
440,Kununurra,AU,2022-07-23 18:51:14,-15.7667,128.7333,48.18,87,4,0.0,clear sky
441,Merrill,US,2022-07-23 18:51:15,45.1805,-89.6835,82.67,54,100,7.74,overcast clouds
442,Mocuba,MZ,2022-07-23 18:51:15,-16.8392,36.9856,64.17,86,6,3.11,clear sky
443,Houma,US,2022-07-23 18:51:15,29.5958,-90.7195,90.0,61,53,7.0,broken clouds
444,Ndioum,SN,2022-07-23 18:51:16,16.5129,-14.6471,96.69,48,96,12.48,overcast clouds
445,Kinablangan,PH,2022-07-23 18:51:16,7.6947,126.5503,77.88,85,100,3.98,overcast clouds
446,Puerto Madryn,AR,2022-07-23 18:51:17,-42.7692,-65.0385,43.52,98,100,13.04,overcast clouds
447,Tazovskiy,RU,2022-07-23 18:51:17,67.4667,78.7,55.49,97,11,7.78,few clouds
448,Inirida,CO,2022-07-23 18:51:17,3.8653,-67.9239,80.91,79,95,2.73,overcast clouds
449,Fukue,JP,2022-07-23 18:51:18,32.6881,128.8419,79.0,84,100,13.02,overcast clouds
450,Oxelosund,SE,2022-07-23 18:51:18,58.6706,17.1015,59.38,94,75,3.44,mist
451,Halifax,CA,2022-07-23 18:50:10,44.6453,-63.5724,79.12,62,13,11.63,few clouds
452,Sinnamary,GF,2022-07-23 18:51:19,5.3833,-52.95,83.57,70,99,9.86,overcast clouds
453,Kirakira,SB,2022-07-23 18:51:19,-10.4544,161.9205,77.47,84,16,5.3,few clouds
454,Sept-Iles,CA,2022-07-23 18:50:47,50.2001,-66.3821,67.12,77,23,9.6,few clouds
455,Doha,QA,2022-07-23 18:49:10,25.2867,51.5333,97.11,57,0,4.61,clear sky
456,Honiara,SB,2022-07-23 18:50:44,-9.4333,159.95,76.1,88,42,3.78,scattered clouds
457,Phuntsholing,BT,2022-07-23 18:51:20,26.8516,89.3884,77.02,97,100,2.55,overcast clouds
458,Saint Anthony,US,2022-07-23 18:51:20,45.0205,-93.218,77.79,83,75,17.27,broken clouds
459,Pombas,CV,2022-07-23 18:51:21,17.1503,-25.0201,82.18,84,66,11.56,broken clouds
460,Katy,US,2022-07-23 18:49:29,29.7858,-95.8244,98.67,58,0,12.66,clear sky
461,Ponta Delgada,PT,2022-07-23 18:46:35,37.7333,-25.6667,72.32,83,40,8.05,scattered clouds
462,Haines Junction,CA,2022-07-23 18:51:21,60.7522,-137.5108,54.52,61,99,5.37,overcast clouds
463,Kasempa,ZM,2022-07-23 18:51:22,-13.4584,25.8338,66.0,33,73,4.72,broken clouds
464,Mlonggo,ID,2022-07-23 18:52:22,-6.5333,110.7,75.69,85,100,9.33,overcast clouds
465,Faanui,PF,2022-07-23 18:52:23,-16.4833,-151.75,79.5,72,6,12.97,clear sky
466,Onega,RU,2022-07-23 18:52:23,63.9061,38.1404,60.06,99,100,1.88,light rain
467,Kongolo,CD,2022-07-23 18:52:23,-5.3833,27.0,84.06,33,91,4.16,overcast clouds
468,Beringovskiy,RU,2022-07-23 18:52:24,63.05,179.3167,44.58,81,100,15.61,overcast clouds
469,Lata,PT,2022-07-23 18:52:24,40.1629,-8.3327,77.81,41,0,5.41,clear sky
470,San Cristobal,VE,2022-07-23 18:52:24,7.7669,-72.225,80.78,35,23,8.25,few clouds
471,Muzhi,RU,2022-07-23 18:52:25,65.3667,64.6667,54.61,56,100,9.64,overcast clouds
472,Sadao,TH,2022-07-23 18:52:25,6.6388,100.4234,76.82,97,100,1.52,overcast clouds
473,La Sarre,CA,2022-07-23 18:47:59,48.8002,-79.1996,74.57,52,28,12.62,scattered clouds
474,Santa Maria,BR,2022-07-23 18:49:00,-29.6842,-53.8069,74.5,73,0,8.05,light rain
475,Sambava,MG,2022-07-23 18:52:26,-14.2667,50.1667,68.22,85,65,11.18,broken clouds
476,Srednekolymsk,RU,2022-07-23 18:52:26,67.45,153.6833,52.63,50,3,9.62,clear sky
477,Kushima,JP,2022-07-23 18:52:26,31.4583,131.2333,73.96,83,100,3.76,overcast clouds
478,Guarapari,BR,2022-07-23 18:52:27,-20.6667,-40.4975,77.9,71,0,12.95,clear sky
479,Butembo,CD,2022-07-23 18:52:27,0.15,29.2833,58.1,91,31,2.26,light rain
480,Alugan,PH,2022-07-23 18:52:27,12.2188,125.4808,80.49,82,72,2.3,broken clouds
481,Adrar,MR,2022-07-23 18:52:28,20.5022,-10.0711,90.75,38,76,18.34,light rain
482,Angleton,US,2022-07-23 18:51:36,29.1694,-95.4319,95.05,60,75,8.05,broken clouds
483,Cenade,RO,2022-07-23 18:52:28,46.0587,24.0089,76.71,28,10,4.27,clear sky
484,Shaoyang,CN,2022-07-23 18:52:28,27.2315,111.4525,79.56,81,0,2.44,clear sky
485,Najran,SA,2022-07-23 18:52:29,17.4924,44.1277,81.25,56,100,3.89,overcast clouds
486,Staryy Nadym,RU,2022-07-23 18:52:29,65.6118,72.6842,50.92,86,100,20.98,light rain
487,Mukhen,RU,2022-07-23 18:52:30,48.1,136.1,59.61,97,82,1.63,broken clouds
488,Poum,NC,2022-07-23 18:52:30,-20.2333,164.0167,75.09,78,45,9.62,scattered clouds
489,Mandsaur,IN,2022-07-23 18:52:30,24.0667,75.0667,76.05,95,100,11.5,overcast clouds
490,Nanga Eboko,CM,2022-07-23 18:52:31,4.6833,12.3667,68.31,99,90,2.04,overcast clouds
491,Yuancheng,CN,2022-07-23 18:52:31,36.652,107.7896,67.51,68,2,3.87,clear sky
492,Colares,PT,2022-07-23 18:52:32,38.7992,-9.4469,68.72,77,0,15.03,clear sky
493,Calceta,EC,2022-07-23 18:52:32,-0.85,-80.1667,80.15,68,97,3.49,overcast clouds
494,Sibolga,ID,2022-07-23 18:52:32,1.7427,98.7792,75.27,92,100,3.83,overcast clouds
495,Maumere,ID,2022-07-23 18:52:33,-8.6199,122.2111,73.65,70,98,6.67,overcast clouds
496,Dali,CN,2022-07-23 18:52:33,25.7,100.1833,60.84,91,100,1.03,overcast clouds
497,Dangriga,BZ,2022-07-23 18:52:33,16.9692,-88.2321,82.09,84,99,9.84,overcast clouds
498,Narsaq,GL,2022-07-23 18:52:34,60.9167,-46.05,51.76,71,97,8.46,overcast clouds
499,Bomet,KE,2022-07-23 18:52:34,-0.7813,35.3416,55.4,88,73,3.4,broken clouds
500,Kaohsiung,TW,2022-07-23 18:52:34,22.6163,120.3133,85.95,80,100,3.44,overcast clouds
501,Kichmengskiy Gorodok,RU,2022-07-23 18:52:35,59.9816,45.7854,66.63,78,12,5.17,few clouds
502,Beyneu,KZ,2022-07-23 18:52:35,45.3167,55.2,84.97,30,10,16.42,clear sky
503,Inta,RU,2022-07-23 18:52:36,66.0317,60.1659,52.36,87,100,12.71,overcast clouds
504,Ayan,RU,2022-07-23 18:52:36,56.45,138.1667,60.26,85,97,3.78,overcast clouds
505,Rassvet,RU,2022-07-23 18:52:36,46.8333,40.75,64.87,85,80,4.47,light rain
506,Lincoln,US,2022-07-23 18:51:19,40.8,-96.667,106.09,19,0,22.84,clear sky
507,Rawson,AR,2022-07-23 18:52:37,-43.3002,-65.1023,39.96,96,100,13.58,light rain
508,New Castle,US,2022-07-23 18:52:37,41.0037,-80.347,88.93,57,100,8.05,overcast clouds
509,Weymouth,US,2022-07-23 18:49:45,42.2209,-70.9398,100.06,38,75,12.66,broken clouds
510,Klyuchi,RU,2022-07-23 18:53:38,52.2667,79.1667,61.27,72,45,9.64,scattered clouds
511,Agara,GE,2022-07-23 18:53:38,42.0376,43.8238,56.98,93,26,7.14,scattered clouds
512,Ruwi,OM,2022-07-23 18:53:38,23.5996,58.5507,93.27,64,40,5.23,scattered clouds
513,Bubaque,GW,2022-07-23 18:53:39,11.2833,-15.8333,80.1,80,100,14.56,overcast clouds
514,North Auburn,US,2022-07-23 18:53:39,38.9313,-121.0819,99.5,25,0,6.91,clear sky
515,Palauig,PH,2022-07-23 18:53:39,15.435,119.9045,81.75,79,100,6.06,overcast clouds
516,Bageshwar,IN,2022-07-23 18:53:40,29.85,79.7667,72.5,90,100,1.45,overcast clouds
517,La Ronge,CA,2022-07-23 18:53:40,55.1001,-105.2842,62.82,88,75,6.91,broken clouds
518,Cabedelo,BR,2022-07-23 18:53:40,-6.9811,-34.8339,83.07,81,51,18.28,broken clouds
519,Chateauroux,FR,2022-07-23 18:53:41,46.8167,1.7,76.93,32,55,4.45,broken clouds
520,Rio Gallegos,AR,2022-07-23 18:53:41,-51.6226,-69.2181,33.85,75,0,16.11,clear sky
521,Hargeysa,SO,2022-07-23 18:53:41,9.56,44.065,74.53,48,9,23.8,clear sky
522,Wanning,CN,2022-07-23 18:53:42,18.8003,110.3967,79.74,84,0,5.03,clear sky
523,Ubinskoye,RU,2022-07-23 18:53:42,55.3068,79.6802,55.26,99,100,5.3,light rain
524,Bousso,TD,2022-07-23 18:53:42,10.4795,16.7117,81.1,67,99,5.37,light rain
525,Uusikaupunki,FI,2022-07-23 18:53:43,60.8004,21.4084,61.9,79,100,10.89,overcast clouds
526,Turochak,RU,2022-07-23 18:53:43,52.2576,87.1224,52.65,96,7,2.98,clear sky
527,Skreia,NO,2022-07-23 18:53:43,60.65,10.9333,63.43,72,100,3.13,overcast clouds
528,Saint-Leu,RE,2022-07-23 18:53:44,-21.15,55.2833,68.86,74,28,4.79,scattered clouds
529,Kirkwall,GB,2022-07-23 18:53:44,58.9848,-2.9587,55.96,94,100,16.11,light rain
530,Bay Roberts,CA,2022-07-23 18:53:45,47.5999,-53.2648,82.65,69,20,9.8,few clouds
531,Araouane,ML,2022-07-23 18:53:45,18.9048,-3.5265,105.3,14,56,1.21,broken clouds
532,Ketchikan,US,2022-07-23 18:53:45,55.3422,-131.6461,58.08,89,100,3.94,overcast clouds
533,Nishihara,JP,2022-07-23 18:53:46,26.1842,127.7558,83.86,89,20,9.22,few clouds
534,Pangnirtung,CA,2022-07-23 18:53:46,66.1451,-65.7125,44.6,93,40,11.5,fog
535,Gamba,GA,2022-07-23 18:53:46,-2.65,10.0,69.49,87,90,6.51,overcast clouds
536,Zhongxing,CN,2022-07-23 18:53:47,33.7039,118.6792,71.64,93,0,3.38,clear sky
537,San Angelo,US,2022-07-23 18:49:03,31.4638,-100.437,98.11,29,0,7.0,clear sky
538,Midland,US,2022-07-23 18:48:48,31.9974,-102.0779,98.8,30,0,16.11,clear sky
539,Domoni,KM,2022-07-23 18:53:47,-12.2569,44.5319,74.62,75,42,4.43,scattered clouds
540,Dauphin,CA,2022-07-23 18:53:48,51.1494,-100.0502,64.54,77,75,5.75,broken clouds
541,Mpanda,TZ,2022-07-23 18:53:48,-6.3655,31.0409,69.21,45,10,3.51,clear sky
542,Saryg-Sep,RU,2022-07-23 18:53:48,51.5,95.6,48.63,86,2,3.33,clear sky
543,Lulea,SE,2022-07-23 18:50:52,65.5842,22.1547,68.07,49,75,6.91,broken clouds
544,Kermanshah,IR,2022-07-23 18:53:49,34.3142,47.065,83.3,6,0,16.11,clear sky
545,Komsomolskiy,UZ,2022-07-23 18:53:49,40.4272,71.7189,93.78,12,4,11.41,clear sky
546,Gobabis,NA,2022-07-23 18:53:50,-22.45,18.9667,64.51,26,100,8.48,overcast clouds
547,Yenagoa,NG,2022-07-23 18:53:50,4.9247,6.2642,75.25,81,100,4.47,overcast clouds
548,Progreso,MX,2022-07-23 18:53:50,21.2833,-89.6667,87.91,63,100,16.49,overcast clouds
549,Ust-Tsilma,RU,2022-07-23 18:53:51,65.441,52.1498,53.71,72,87,3.76,overcast clouds
550,Barcelos,PT,2022-07-23 18:53:51,41.5388,-8.6151,86.92,56,0,4.41,clear sky
551,Mandalgovi,MN,2022-07-23 18:53:51,45.7625,106.2708,63.16,58,100,1.66,overcast clouds
552,Zhigansk,RU,2022-07-23 18:53:52,66.7697,123.3711,50.14,94,15,6.78,few clouds
553,Flin Flon,CA,2022-07-23 18:53:52,54.7682,-101.865,58.84,77,75,9.22,broken clouds
554,Aberdeen,GB,2022-07-23 18:53:53,57.1437,-2.0981,60.49,91,75,13.8,broken clouds
555,Kalabo,ZM,2022-07-23 18:53:53,-14.97,22.6814,70.66,28,98,5.3,overcast clouds
556,Sayyan,YE,2022-07-23 18:53:53,15.1718,44.3244,66.69,62,99,5.97,overcast clouds
557,Panguna,PG,2022-07-23 18:54:54,-6.3164,155.4848,66.92,94,0,1.99,clear sky
558,Lujan,AR,2022-07-23 18:54:54,-34.5703,-59.105,60.51,63,23,2.73,few clouds
559,Jumla,NP,2022-07-23 18:54:55,29.2747,82.1838,63.68,97,100,1.68,overcast clouds
560,Medea,DZ,2022-07-23 18:54:55,36.2642,2.7539,79.16,36,0,4.99,clear sky
561,Viedma,AR,2022-07-23 18:54:55,-40.8135,-62.9967,56.61,46,100,6.17,overcast clouds
562,Oktyabrskiy,RU,2022-07-23 18:54:56,54.4815,53.471,64.13,83,13,3.09,few clouds
563,Palu,ID,2022-07-23 18:54:56,-0.8917,119.8707,74.75,95,77,3.11,broken clouds
564,Casa Grande,US,2022-07-23 18:54:56,32.8795,-111.7573,98.94,41,100,1.01,overcast clouds
565,Same,TZ,2022-07-23 18:54:57,-4.0667,37.7333,65.53,74,4,3.8,clear sky
566,Diamantino,BR,2022-07-23 18:51:19,-14.4086,-56.4461,96.24,18,2,4.12,clear sky
567,Cururupu,BR,2022-07-23 18:54:57,-1.8283,-44.8683,87.28,54,59,5.82,broken clouds
568,Mkushi,ZM,2022-07-23 18:54:57,-13.6202,29.3939,57.97,65,70,5.03,broken clouds
569,Kyshtovka,RU,2022-07-23 18:54:58,56.555,76.6271,52.25,95,76,7.02,broken clouds
570,Coos Bay,US,2022-07-23 18:53:09,43.3665,-124.2179,64.24,88,100,18.41,overcast clouds
571,Mana,GF,2022-07-23 18:54:58,5.6592,-53.7767,82.44,74,100,9.17,overcast clouds
572,Ouegoa,NC,2022-07-23 18:54:59,-20.35,164.4333,72.19,90,33,5.37,scattered clouds
573,Flinders,AU,2022-07-23 18:54:59,-34.5833,150.8552,49.24,92,16,4.0,few clouds
574,Havelock,US,2022-07-23 18:51:13,34.8791,-76.9013,91.69,49,56,8.41,broken clouds
575,Mayya,RU,2022-07-23 18:54:59,61.7333,130.2811,58.24,93,3,1.9,clear sky
576,Skjervoy,NO,2022-07-23 18:55:00,70.0311,20.9714,51.1,86,100,16.73,overcast clouds
577,Catalao,BR,2022-07-23 18:55:00,-18.1658,-47.9464,81.52,25,2,6.89,clear sky
578,Svetlaya,RU,2022-07-23 18:55:00,46.5389,138.3297,60.06,93,89,5.1,overcast clouds
579,Sivaki,RU,2022-07-23 18:55:01,52.6333,126.75,60.98,78,6,3.71,clear sky
580,Alice Springs,AU,2022-07-23 18:55:01,-23.7,133.8833,55.11,27,0,8.81,clear sky
581,Camacha,PT,2022-07-23 18:55:02,33.0833,-16.3333,69.22,78,20,11.5,few clouds
582,Moche,PE,2022-07-23 18:55:02,-8.1711,-79.0092,65.32,82,61,10.49,broken clouds
583,Ismailia,EG,2022-07-23 18:55:02,30.6043,32.2723,78.57,59,0,8.68,clear sky
584,Luwuk,ID,2022-07-23 18:55:03,-0.9516,122.7875,76.21,90,58,4.0,broken clouds
585,Murfreesboro,US,2022-07-23 18:51:32,35.8456,-86.3903,91.92,49,0,5.86,clear sky
586,Luba,GQ,2022-07-23 18:55:03,3.4568,8.5547,75.09,80,100,5.01,overcast clouds
587,Niksar,TR,2022-07-23 18:55:04,40.5917,36.9517,60.12,88,0,2.62,clear sky
588,Naberera,TZ,2022-07-23 18:55:04,-4.2,36.9333,59.4,79,19,10.74,few clouds
589,Bongandanga,CD,2022-07-23 18:55:04,1.5,21.05,70.56,93,14,1.1,few clouds
590,Strezhevoy,RU,2022-07-23 18:55:05,60.7333,77.5889,48.36,92,48,7.65,scattered clouds
591,Launceston,AU,2022-07-23 18:55:05,-41.45,147.1667,50.81,93,75,5.75,broken clouds
592,Hailar,CN,2022-07-23 18:55:05,49.2,119.7,61.12,92,100,1.97,overcast clouds
593,Buzmeyin,TM,2022-07-23 18:55:06,38.0507,58.2056,89.33,37,1,9.22,clear sky
594,Dingle,PH,2022-07-23 18:55:06,10.9995,122.6711,77.61,89,100,1.45,overcast clouds
595,San Joaquin,US,2022-07-23 18:55:06,37.9333,-121.3011,89.55,14,1,5.61,clear sky
596,Ginir,ET,2022-07-23 18:55:07,7.1333,40.7,61.23,65,100,11.65,overcast clouds
597,Pisco,PE,2022-07-23 18:55:07,-13.7,-76.2167,60.85,82,100,6.91,mist
598,Montepuez,MZ,2022-07-23 18:55:08,-13.1256,38.9997,67.14,62,5,6.38,clear sky
599,Griffith,US,2022-07-23 18:54:26,41.5284,-87.4237,73.26,78,75,13.8,broken clouds
600,Severnyy,RU,2022-07-23 18:55:08,50.677,36.5532,68.04,68,75,11.18,broken clouds
601,Korla,CN,2022-07-23 18:55:08,41.7597,86.1469,88.25,17,0,3.38,clear sky
602,Takoradi,GH,2022-07-23 18:55:09,4.8845,-1.7554,76.48,75,89,9.6,overcast clouds
603,Fortuna,US,2022-07-23 18:55:09,40.5982,-124.1573,60.66,78,35,8.37,scattered clouds
604,Auraiya,IN,2022-07-23 18:56:10,26.4667,79.5167,87.71,64,95,11.5,overcast clouds
605,Sebeta,ET,2022-07-23 18:56:10,8.9167,38.6167,62.64,91,93,3.27,light rain
606,Sistranda,NO,2022-07-23 18:56:10,63.7256,8.834,57.16,84,100,23.94,overcast clouds
607,Vorobyevka,RU,2022-07-23 18:56:11,50.6451,40.9245,61.5,94,73,7.72,moderate rain
608,Kimberley,ZA,2022-07-23 18:56:11,-28.7323,24.7623,58.69,26,40,11.5,scattered clouds
609,Calamar,CO,2022-07-23 18:56:11,10.2511,-74.9146,85.17,73,100,5.99,overcast clouds
610,Balakhninskiy,RU,2022-07-23 18:56:12,58.0106,114.2769,64.65,85,0,4.38,clear sky
611,Dawei,MM,2022-07-23 18:56:12,14.0833,98.2,75.51,94,100,2.73,overcast clouds
612,Aasiaat,GL,2022-07-23 18:56:12,68.7098,-52.8699,38.28,99,100,8.03,overcast clouds
613,Sobolevo,RU,2022-07-23 18:56:13,54.4299,31.8996,64.26,85,0,5.61,clear sky
614,Venustiano Carranza,MX,2022-07-23 18:54:13,19.43,-99.0992,74.14,38,80,10.0,broken clouds
615,Belaya Gora,RU,2022-07-23 18:56:13,68.5333,146.4167,51.1,60,7,10.54,clear sky
616,Oranjemund,NA,2022-07-23 18:55:13,-28.55,16.4333,54.84,80,0,22.24,clear sky
617,Changying,CN,2022-07-23 18:56:14,52.8733,123.3213,59.11,82,0,3.06,clear sky
618,Igarka,RU,2022-07-23 18:56:14,67.4667,86.5833,60.08,83,10,9.53,clear sky
619,Bilibino,RU,2022-07-23 18:56:14,68.0546,166.4372,48.34,61,97,2.01,overcast clouds
620,Wonthaggi,AU,2022-07-23 18:56:15,-38.6044,145.5913,47.82,92,100,5.86,overcast clouds
621,Byron Bay,AU,2022-07-23 18:56:15,-28.65,153.6167,55.71,86,47,11.54,scattered clouds
622,Sao Joao Da Barra,BR,2022-07-23 18:56:16,-21.6403,-41.0511,80.69,77,2,16.33,clear sky
623,Bichena,ET,2022-07-23 18:56:16,10.45,38.2,55.09,88,100,5.37,light rain
624,Kathu,TH,2022-07-23 18:56:17,7.9178,98.3332,84.69,95,100,7.92,overcast clouds
625,Villarrica,PY,2022-07-23 18:56:17,-25.75,-56.4333,84.63,47,100,5.21,overcast clouds
626,Muroto,JP,2022-07-23 18:56:17,33.2833,134.15,77.56,76,100,5.95,overcast clouds
627,Ndele,CF,2022-07-23 18:56:18,8.4109,20.6473,69.53,96,36,1.86,scattered clouds
628,Skierniewice,PL,2022-07-23 18:56:18,51.9548,20.1584,64.31,92,82,4.12,broken clouds
629,Katsuura,JP,2022-07-23 18:55:52,35.1333,140.3,77.68,85,100,14.5,overcast clouds
630,Guerrero Negro,MX,2022-07-23 18:56:19,27.9769,-114.0611,74.66,61,12,15.12,few clouds
631,Havre,FR,2022-07-23 18:56:19,49.5833,0.3333,71.35,72,0,5.75,clear sky
632,Palmaner,IN,2022-07-23 18:56:20,13.2,78.75,73.9,76,100,10.38,overcast clouds
633,Lucknow,IN,2022-07-23 18:53:25,26.85,80.9167,87.21,63,97,10.89,overcast clouds
634,Camopi,GF,2022-07-23 18:56:20,3.1655,-52.3158,79.9,85,99,1.72,overcast clouds
635,Qasigiannguit,GL,2022-07-23 18:56:20,68.8193,-51.1922,40.59,98,100,2.59,light rain
636,Rio Grande,BR,2022-07-23 18:56:21,-32.035,-52.0986,71.71,93,75,6.96,broken clouds
637,Riyadh,SA,2022-07-23 18:53:35,24.6877,46.7219,100.54,11,100,8.75,overcast clouds
638,Umm Lajj,SA,2022-07-23 18:56:21,25.0213,37.2685,87.96,53,100,9.13,overcast clouds
639,Nyurba,RU,2022-07-23 18:56:22,63.2842,118.3319,61.05,86,0,6.44,clear sky
640,Kijang,KR,2022-07-23 18:56:22,35.2442,129.2139,76.73,93,100,6.46,moderate rain
641,Ibicui,BR,2022-07-23 18:52:10,-14.8417,-39.9867,72.37,78,94,4.52,overcast clouds
642,Arlit,NE,2022-07-23 18:56:22,18.7369,7.3853,94.82,25,99,10.96,overcast clouds
643,Mattru,SL,2022-07-23 18:56:23,7.6244,-11.8332,75.92,83,90,5.68,overcast clouds
644,Ongandjera,NA,2022-07-23 18:56:23,-17.8833,15.0667,69.58,25,0,7.09,clear sky
645,Bechem,GH,2022-07-23 18:56:24,7.0903,-2.025,70.48,90,100,1.3,overcast clouds
646,Revelstoke,CA,2022-07-23 18:56:24,50.9832,-118.2023,73.42,56,0,2.3,clear sky
647,Acarau,BR,2022-07-23 18:57:24,-2.8856,-40.12,83.79,64,35,17.78,scattered clouds
648,Calama,CL,2022-07-23 18:53:50,-22.4667,-68.9333,72.09,15,0,16.11,clear sky
649,Valdivia,CL,2022-07-23 18:57:25,-39.8142,-73.2459,53.69,87,100,5.3,overcast clouds
650,Todos Santos,MX,2022-07-23 18:57:25,23.45,-110.2167,91.04,90,27,6.15,scattered clouds
651,Sompeta,IN,2022-07-23 18:57:26,18.9333,84.6,81.39,88,93,6.55,overcast clouds
652,Morondava,MG,2022-07-23 18:57:26,-20.2833,44.2833,72.55,77,0,9.42,clear sky
653,Itoman,JP,2022-07-23 18:57:27,26.1247,127.6694,84.58,89,20,5.75,few clouds
654,Sturgeon Bay,US,2022-07-23 18:57:27,44.8342,-87.377,89.56,61,100,8.84,overcast clouds
655,Bassano,CA,2022-07-23 18:55:48,50.7834,-112.4685,69.03,48,13,4.21,few clouds
656,Luena,AO,2022-07-23 18:57:27,-11.7833,19.9167,63.37,37,99,3.56,overcast clouds
657,Ulaanbaatar,MN,2022-07-23 18:57:28,47.9077,106.8832,53.73,87,40,2.24,scattered clouds
658,Boras,SE,2022-07-23 18:55:13,57.721,12.9401,63.1,77,100,2.08,overcast clouds
659,Sandpoint,US,2022-07-23 18:57:29,48.2766,-116.5533,82.85,46,100,1.99,overcast clouds
660,Sliven,BG,2022-07-23 18:57:29,42.6858,26.3292,73.09,50,0,5.68,clear sky
661,Filingue,NE,2022-07-23 18:57:29,14.3521,3.3168,94.19,39,100,7.83,overcast clouds
662,Mama,RU,2022-07-23 18:57:30,58.3106,112.8986,67.12,84,36,3.67,scattered clouds
663,Bowen,AU,2022-07-23 18:57:30,-20.0167,148.2333,59.05,90,2,6.87,clear sky
664,Kayerkan,RU,2022-07-23 18:57:30,69.3497,87.7602,63.36,69,99,10.58,overcast clouds
665,Mnogovershinnyy,RU,2022-07-23 18:57:31,53.9353,139.9242,54.93,62,6,4.0,clear sky
666,Taitung,TW,2022-07-23 18:57:31,22.7583,121.1444,82.89,77,12,3.31,few clouds
667,Tula,RU,2022-07-23 18:57:31,54.2044,37.6111,69.6,73,56,4.41,broken clouds
668,Duekoue,CI,2022-07-23 18:57:32,6.7472,-7.3496,74.43,82,99,2.06,light rain
669,Tuensang,IN,2022-07-23 18:57:32,26.2833,94.8333,69.73,98,100,2.71,overcast clouds
670,Jardim,BR,2022-07-23 18:57:32,-21.4803,-56.1381,91.6,21,100,7.11,overcast clouds
671,Hokitika,NZ,2022-07-23 18:57:33,-42.7167,170.9667,46.2,83,100,4.76,light rain
672,Kungurtug,RU,2022-07-23 18:57:33,50.5994,97.5228,44.26,94,7,0.81,clear sky
673,Margate,GB,2022-07-23 18:57:33,51.3813,1.3862,68.92,67,100,16.33,overcast clouds
674,Guatire,VE,2022-07-23 18:57:34,10.4762,-66.5427,86.68,53,22,6.02,few clouds
675,Longido,TZ,2022-07-23 18:57:34,-2.7333,36.6833,63.7,61,3,11.01,clear sky
676,Yasnogorsk,RU,2022-07-23 18:54:24,54.4803,37.6975,68.58,76,35,3.27,scattered clouds
677,Yaqui,MX,2022-07-23 18:57:35,27.3667,-110.1667,95.83,48,60,14.99,broken clouds
678,Quang Ngai,VN,2022-07-23 18:55:41,15.1167,108.8,75.04,90,0,4.54,clear sky
679,Luanda,AO,2022-07-23 18:53:25,-8.8368,13.2343,68.9,91,18,7.81,few clouds
680,Lagos,NG,2022-07-23 18:53:09,6.5833,3.75,74.5,93,100,7.25,moderate rain
681,Puerto El Triunfo,SV,2022-07-23 18:57:35,13.2833,-88.55,89.02,58,67,7.94,broken clouds
682,Vallentuna,SE,2022-07-23 18:57:36,59.5344,18.0776,62.19,73,0,8.05,clear sky
683,Ulaangom,MN,2022-07-23 18:57:36,49.9811,92.0667,59.97,48,12,4.59,few clouds
684,Marsh Harbour,BS,2022-07-23 18:57:36,26.5412,-77.0636,83.73,71,0,13.67,clear sky
685,Muncar,ID,2022-07-23 18:57:37,-8.4333,114.3333,73.04,86,87,3.62,overcast clouds
686,Vega De Alatorre,MX,2022-07-23 18:57:37,20.0333,-96.6333,89.37,57,23,17.2,few clouds
687,Tupelo,US,2022-07-23 18:57:37,34.2576,-88.7034,97.03,33,3,8.7,clear sky
688,Jambi,ID,2022-07-23 18:57:38,-1.6,103.6167,73.51,98,89,1.21,overcast clouds
689,Xiashi,CN,2022-07-23 18:57:38,30.5363,120.6864,86.02,94,0,4.97,clear sky
690,Eureka,US,2022-07-23 18:57:38,40.8021,-124.1637,63.07,73,63,7.83,broken clouds
691,Ranghulu,CN,2022-07-23 18:57:39,46.65,124.8667,66.22,82,100,6.38,moderate rain
692,Lima,PE,2022-07-23 18:54:23,-12.0432,-77.0282,62.85,72,75,9.22,broken clouds
